{
    "param_space": [
        51180997414264015816662489891,
        51180997414264015816662489891,
        13731487111144004243494814361,
        9962059276712316804104081007,
        867258972740875797284202000,
        867258972740875797284202000,
        867258972740875797284202000,
        867258972740875797284202000,
        858807369466548323223402000,
        806385239620327978292682000,
        792415941380584347348522000,
        792415941380584347348522000,
        790660874583616099385322000,
        790468948754710120217322000,
        790468948754710120217322000,
        790468948754710120217322000
    ],
    "time_usage": [
        0.1990053653717041,
        0.5695157051086426,
        0.6385133266448975,
        0.6690022945404053,
        0.6635177135467529,
        0.8423457145690918,
        0.9478328227996826,
        1.5607373714447021,
        1.5263457298278809,
        1.7443490028381348,
        3.391207456588745,
        2.857429027557373,
        3.3749520778656006,
        3.8523571491241455,
        3.943533420562744,
        Infinity
    ],
    "tobe_verified_total_models": [
        1,
        2,
        2,
        8,
        8,
        22,
        58,
        104,
        116,
        116,
        108,
        110,
        97,
        121,
        109,
        122
    ],
    "verified_num_models": [
        1,
        2,
        2,
        8,
        8,
        22,
        36,
        36,
        36,
        36,
        20,
        35,
        3,
        24,
        6,
        0
    ],
    "valid_num_models": [
        1,
        1,
        1,
        1,
        8,
        22,
        36,
        23,
        23,
        36,
        20,
        33,
        3,
        24,
        6,
        0
    ],
    "speed": null,
    "num_patterns": null,
    "param_space_reduction": null,
    "diff_speed_abs": null,
    "diff_speed_signals": null,
    "efficiency": null
}