{
    "param_space": [
        285221378010383451,
        285221378010383451,
        76522808734493121,
        64750068929186487,
        1954129136236200,
        785546928520200,
        785546928520200,
        0,
        0,
        0,
        0,
        0,
        0,
        0,
        0,
        0
    ],
    "time_usage": [
        0.17400097846984863,
        0.5545427799224854,
        0.6035213470458984,
        0.6077160835266113,
        0.6113343238830566,
        0.622265100479126,
        Infinity,
        Infinity,
        Infinity,
        Infinity,
        Infinity,
        Infinity,
        Infinity,
        Infinity,
        Infinity,
        Infinity
    ],
    "tobe_verified_total_models": [
        1,
        2,
        2,
        4,
        2,
        1,
        2,
        0,
        0,
        0,
        0,
        0,
        0,
        0,
        0,
        0
    ],
    "verified_num_models": [
        1,
        2,
        2,
        4,
        2,
        1,
        0,
        0,
        0,
        0,
        0,
        0,
        0,
        0,
        0,
        0
    ],
    "valid_num_models": [
        1,
        1,
        1,
        1,
        1,
        1,
        0,
        0,
        0,
        0,
        0,
        0,
        0,
        0,
        0,
        0
    ],
    "speed": null,
    "num_patterns": null,
    "param_space_reduction": null,
    "diff_speed_abs": null,
    "diff_speed_signals": null,
    "efficiency": null
}