{
    "param_space": [
        98987668149935439896931,
        98987668149935439896931,
        98987668149935439896931,
        24312724793727829113501,
        22471872131598852209247,
        22471872131598852209247,
        21310064997587063206047,
        19571277610420617768687,
        0,
        0,
        0,
        0,
        0,
        0,
        0,
        0
    ],
    "time_usage": [
        0.4600374698638916,
        0.57600998878479,
        0.6200032234191895,
        0.6000030040740967,
        0.7500040531158447,
        0.9660062789916992,
        1.145524501800537,
        Infinity,
        Infinity,
        Infinity,
        Infinity,
        Infinity,
        Infinity,
        Infinity,
        Infinity,
        Infinity
    ],
    "tobe_verified_total_models": [
        1,
        2,
        4,
        3,
        16,
        44,
        46,
        91,
        0,
        0,
        0,
        0,
        0,
        0,
        0,
        0
    ],
    "verified_num_models": [
        1,
        2,
        4,
        3,
        16,
        36,
        36,
        0,
        0,
        0,
        0,
        0,
        0,
        0,
        0,
        0
    ],
    "valid_num_models": [
        1,
        1,
        2,
        3,
        16,
        34,
        27,
        0,
        0,
        0,
        0,
        0,
        0,
        0,
        0,
        0
    ],
    "speed": null,
    "num_patterns": null,
    "param_space_reduction": null,
    "diff_speed_abs": null,
    "diff_speed_signals": null,
    "efficiency": null
}