{
  "num_patterns": [
    1,
    1,
    1,
    1,
    1,
    1,
    0,
    0,
    0,
    0,
    0,
    0,
    0,
    0,
    0,
    0
  ],
  "param_space": [
    285221378010383451,
    6956618975863011.0,
    76446362372121.0,
    1538078816397.0654,
    618297464142.2952,
    618297464142.2952,
    248551472062.51038,
    0,
    0,
    0,
    0,
    0,
    0,
    0,
    0,
    0,
    0
  ],
  "time_usage": [
    0.01499485969543457,
    0.010969161987304688,
    0.0605463981628418,
    0.06185126304626465,
    0.061751604080200195,
    0.06582307815551758,
    0.0029916763305664062,
    0.000997304916381836,
    0.0009970664978027344,
    0.000997304916381836,
    0.000997304916381836,
    0.0009980201721191406,
    0.000997781753540039,
    0.0009975433349609375,
    0.0009965896606445312,
    0.000997781753540039
  ],
  "path": [
    [
      "RV-HisV"
    ],
    [
      "RV-HisV-HisH"
    ],
    [
      "RV-HisV-HisH-AV-HisA"
    ],
    [
      "RV-HisV-HisH-AV-HisA-RV-HisV"
    ],
    [
      "RV-HisV-HisH-AV-HisA-RV-HisV-HisH"
    ],
    [
      "RV-HisV-HisH-AV-HisA-RV-HisV-HisH-AV-HisA"
    ],
    [],
    [],
    [],
    [],
    [],
    [],
    [],
    [],
    [],
    []
  ]
}